{
    "loss": 0.016653861850500107,
    "accuracy": 0.9901960492134094
}